"","nameLast","nameFirst","salaryYear","playerID","yearID","teamID","W","L","G","GS","CG","SHO","SV","IPouts","H","ER","HR","BB","SO","IBB","WP","HBP","BK","BFP","GF","R","SH","SF","GIDP","ERA","WHIP","BAOpp","POS","G_fielding","GS_fielding","InnOuts","PO","A","E","DP","age","salary","CurrentYearStatus"
"1","Adams","Mike",2013,"adamsmi03",2012,"TEX",5,3,61,0,0,0,1,157,56,19,4,17,45,1,2,3,0,228,7,21,0,0,5,3.26751592356688,1.47133757961783,0.270531400966184,"P",61,0,157,5,12,0,2,34,5000000,"FA"
"2","Affeldt","Jeremy",2011,"affelje01",2010,"SFN",4,3,53,0,0,0,4,150,56,23,4,24,44,5,4,3,0,228,14,25,7,1,4,4.14,1.76,0.285714285714286,"P",53,0,150,3,15,3,0,31,4500000,"FA"
"3","Affeldt","Jeremy",2013,"affelje01",2012,"SFN",1,2,67,0,0,0,3,190,57,19,1,23,57,1,5,3,0,267,10,23,4,0,7,2.7,1.32631578947368,0.2375,"P",67,0,190,5,13,1,1,33,6000000,"FA"
"4","Albers","Matt",2015,"alberma01",2014,"HOU",0,0,8,0,0,0,0,30,10,1,0,3,8,0,0,1,0,42,1,1,0,0,1,0.9,1.4,0.263157894736842,"P",8,0,30,0,0,0,0,31,1500000,"FA"
"5","Anderson","Brett",2016,"anderbr04",2015,"LAN",10,9,31,31,1,0,0,541,194,74,18,46,116,2,4,2,2,750,0,82,3,2,23,3.69316081330869,1.35304990757856,0.277142857142857,"P",31,31,541,4,47,0,1,27,15800000,"FA"
"6","Arroyo","Bronson",2011,"arroybr01",2010,"CIN",17,10,33,33,2,0,0,647,188,93,29,59,121,5,1,6,1,880,0,95,6,5,19,3.88098918083462,1.19629057187017,0.232098765432099,"P",33,33,647,18,31,0,5,33,7666666,"FA"
"7","Ayala","Luis",2013,"ayalalu01",2012,"BAL",5,5,66,0,0,0,1,225,81,22,7,14,51,3,2,4,0,320,15,27,2,2,6,2.64,1.36,0.270903010033445,"P",66,0,225,4,13,0,1,34,1000000,"FA"
"8","Bailey","Homer",2015,"baileho02",2014,"CIN",9,5,23,23,1,1,0,437,134,60,16,45,124,1,5,7,1,604,0,60,5,4,12,3.7070938215103,1.2837528604119,0.243194192377495,"P",23,23,437,13,17,0,2,28,10000000,"FA"
"9","Balfour","Grant",2012,"balfogr01",2011,"OAK",5,2,62,0,0,0,2,186,44,17,8,20,59,1,0,0,0,242,15,17,1,0,8,2.46774193548387,1.04838709677419,0.199095022624434,"P",62,0,186,2,4,0,1,34,4000000,"FA"
"10","Balfour","Grant",2014,"balfogr01",2013,"OAK",1,3,65,0,0,0,38,188,48,18,7,27,72,2,9,0,0,262,55,20,2,0,2,2.58510638297872,1.22872340425532,0.206008583690987,"P",65,0,188,1,5,1,1,36,4000000,"FA"
"11","Bastardo","Antonio",2016,"bastaan01",2015,"PIT",4,1,66,0,0,0,1,172,39,19,4,26,64,2,8,3,0,239,18,19,2,0,0,2.98255813953488,1.22093023255814,0.1875,"P",66,0,172,0,4,1,0,30,5375000,"FA"
"12","Batista","Miguel",2011,"batismi01",2010,"WAS",1,2,58,1,0,0,2,248,71,34,9,39,55,8,4,5,0,350,18,36,1,2,11,3.70161290322581,1.48790322580645,0.238255033557047,"P",58,1,248,5,9,0,1,39,750000,"FA"
"13","Batista","Miguel",2012,"batismi01",2011,"SLN/NYN",5,2,35,5,1,1,0,180,49,24,2,33,31,5,3,6,0,262,2,29,4,1,9,3.6,1.55,0.224770642201835,"P/P",35,5,180,8,4,0,0,40,750000,"FA"
"14","Beckett","Josh",2011,"beckejo02",2010,"BOS",6,6,21,21,0,0,0,383,151,82,20,45,116,3,3,8,0,577,0,89,4,2,8,5.78067885117493,1.62140992167102,0.289827255278311,"P",21,21,383,9,20,1,0,30,17000000,"FA"
"15","Bedard","Erik",2012,"bedarer01",2011,"SEA/BOS",5,9,24,24,0,0,0,388,118,52,14,48,125,0,5,1,0,541,0,63,1,1,8,3.61855670103093,1.29123711340206,0.239837398373984,"P/P",24,24,388,5,9,1,0,32,4500000,"FA"
"16","Belisle","Matt",2013,"belisma01",2012,"COL",3,8,80,0,0,0,3,240,91,33,5,18,69,6,1,3,1,348,14,36,4,0,8,3.7125,1.475,0.283489096573209,"P",80,0,240,6,7,1,0,32,4100000,"FA"
"17","Belisle","Matt",2015,"belisma01",2014,"COL",4,7,66,1,0,0,0,194,74,35,5,19,43,2,3,1,0,282,13,35,4,5,5,4.87113402061856,1.48453608247423,0.284615384615385,"P",66,1,194,6,12,1,1,34,3500000,"FA"
"18","Belisle","Matt",2016,"belisma01",2015,"SLN",1,1,34,0,0,0,0,101,34,10,1,15,25,2,0,3,0,149,10,10,2,1,3,2.67326732673267,1.6039603960396,0.263565891472868,"P",34,0,101,1,7,0,0,35,1250000,"FA"
"19","Bell","Heath",2012,"bellhe01",2011,"SDN",3,4,64,0,0,0,43,188,51,17,4,21,51,2,8,0,0,256,54,20,5,1,6,2.44148936170213,1.18085106382979,0.218884120171674,"P",64,0,188,3,5,0,0,34,7000000,"FA"
"20","Benoit","Joaquin",2011,"benoijo01",2010,"TBA",1,2,63,0,0,0,1,181,30,9,6,11,75,1,1,0,0,217,16,10,0,2,2,1.34254143646409,0.696132596685083,0.146341463414634,"P",63,0,181,0,4,0,0,33,5500000,"FA"
"21","Benoit","Joaquin",2015,"benoijo01",2014,"SDN",4,2,53,0,0,0,11,163,28,9,3,14,64,2,3,1,1,205,17,10,2,2,2,1.49079754601227,0.828220858895706,0.148936170212766,"P",53,0,163,0,5,0,0,37,8000000,"FA"
"22","Betancourt","Rafael",2013,"betanra01",2012,"COL",1,4,60,0,0,0,31,173,53,18,6,12,57,4,0,0,1,236,53,19,2,2,3,2.8092485549133,1.19653179190751,0.240909090909091,"P",60,0,173,3,1,0,0,37,4250000,"FA"
"23","Billingsley","Chad",2013,"billich01",2012,"LAN",10,9,25,25,0,0,0,449,148,59,11,45,128,2,5,5,0,634,0,66,6,3,8,3.54788418708241,1.33630289532294,0.254295532646048,"P",25,25,449,9,29,1,2,28,11000000,"FA"
"24","Blanton","Joe",2016,"blantjo01",2015,"KCA/PIT",7,2,36,4,0,0,2,228,69,24,7,16,79,5,2,1,0,309,13,26,1,3,4,2.84210526315789,1.19736842105263,0.240418118466899,"P/P",36,4,228,7,8,1,0,35,4000000,"FA"
"25","Blevins","Jerry",2016,"blevije01",2015,"NYN",1,0,7,0,0,0,0,15,0,0,0,0,4,0,0,0,0,15,1,0,0,0,1,0,0,0,"P",7,0,15,0,1,0,0,32,4000000,"FA"
"26","Boyer","Blaine",2016,"boyerbl01",2015,"MIN",3,6,68,0,0,0,1,195,62,18,5,19,33,4,5,0,0,268,12,24,3,2,5,2.49230769230769,1.30769230769231,0.253061224489796,"P",68,0,195,7,13,2,1,34,950000,"FA"
"27","Breslow","Craig",2014,"breslcr01",2013,"BOS",5,2,61,0,0,0,0,179,49,12,3,18,33,0,2,2,0,237,13,16,0,2,7,1.81005586592179,1.15642458100559,0.225806451612903,"P",61,0,179,5,9,0,2,33,3825000,"FA"
"28","Breslow","Craig",2015,"breslcr01",2014,"BOS",2,4,60,0,0,0,1,163,73,36,8,28,37,1,3,2,1,260,16,40,1,0,7,5.96319018404908,1.91411042944785,0.318777292576419,"P",60,0,163,3,4,0,0,34,2000000,"FA"
"29","Breslow","Craig",2016,"breslcr01",2015,"BOS",0,4,45,2,0,0,1,195,69,30,12,23,46,5,2,2,0,280,18,33,3,5,7,4.15384615384615,1.52307692307692,0.276,"P",45,2,195,3,5,1,1,35,1500000,"FA"
"30","Broxton","Jonathan",2012,"broxtjo01",2011,"LAN",1,2,14,0,0,0,7,38,15,8,2,9,10,2,0,0,0,62,12,10,0,0,1,5.68421052631579,2.05263157894737,0.294117647058824,"P",14,0,38,2,2,0,0,27,4000000,"FA"
"31","Broxton","Jonathan",2014,"broxtjo01",2013,"CIN",2,2,34,0,0,0,0,92,27,14,4,12,25,2,0,4,0,133,8,17,1,2,3,4.10869565217391,1.46739130434783,0.234782608695652,"P",34,0,92,4,3,0,0,29,7000000,"FA"
"32","Broxton","Jonathan",2016,"broxtjo01",2015,"MIL/SLN",4,5,66,0,0,0,0,181,61,31,7,22,63,1,0,0,0,257,15,32,5,1,7,4.62430939226519,1.39226519337017,0.260683760683761,"P/P",66,0,181,5,13,1,0,31,3750000,"FA"
"33","Buehrle","Mark",2012,"buehrma01",2011,"CHA",13,9,31,31,0,0,0,616,221,82,21,45,109,3,1,2,0,858,0,93,6,7,19,3.59415584415584,1.31980519480519,0.273514851485149,"P",31,31,616,15,40,1,4,32,7000000,"FA"
"34","Burton","Jared",2014,"burtoja01",2013,"MIN",2,9,71,0,0,0,2,198,61,28,6,22,61,5,2,5,0,281,14,29,2,0,5,3.81818181818182,1.40909090909091,0.244979919678715,"P",71,0,198,6,10,1,0,32,3250000,"FA"
"35","Bush","Dave",2011,"bushda01",2010,"MIL",8,13,32,31,0,0,0,523,198,88,28,65,107,6,1,4,1,781,0,108,9,10,14,4.54302103250478,1.565965583174,0.280453257790368,"P",32,31,523,7,14,1,1,31,1000000,"FA"
"36","Byrdak","Tim",2012,"byrdati01",2011,"NYN",2,1,72,0,0,0,1,113,34,16,3,19,47,4,1,1,0,168,10,20,4,2,1,3.82300884955752,1.53982300884956,0.236111111111111,"P",72,0,113,1,4,0,0,38,1000000,"FA"
"37","Cahill","Trevor",2016,"cahiltr01",2015,"ATL/CHN",1,3,26,3,0,0,0,130,44,26,4,16,36,1,2,2,0,187,6,27,3,1,5,5.4,1.45384615384615,0.261904761904762,"P/P",26,3,130,5,10,0,0,27,4250000,"FA"
"38","Cain","Matt",2013,"cainma01",2012,"SFN",16,5,32,32,2,2,0,658,177,68,21,51,193,1,8,9,0,876,0,73,11,9,14,2.790273556231,1.08510638297872,0.217177914110429,"P",32,32,658,10,24,2,1,28,20833333,"FA"
"39","Camp","Shawn",2012,"campsh01",2011,"TOR",6,3,67,0,0,0,1,199,79,31,3,22,32,9,0,6,0,292,23,36,2,1,12,4.20603015075377,1.74874371859296,0.309803921568627,"P",67,0,199,6,17,1,2,36,550000,"FA"
"40","Camp","Shawn",2013,"campsh01",2012,"CHN",3,6,80,0,0,0,2,233,79,31,7,21,54,4,1,0,0,327,21,32,1,2,6,3.59227467811159,1.33905579399142,0.26158940397351,"P",80,0,233,4,10,2,0,37,1350000,"FA"
"41","Capuano","Chris",2011,"capuach01",2010,"MIL",4,4,24,9,0,0,0,198,65,29,9,21,54,1,5,1,0,278,5,29,3,2,7,3.95454545454545,1.33333333333333,0.254901960784314,"P",24,9,198,2,10,0,0,32,1500000,"FA"
"42","Capuano","Chris",2013,"capuach01",2012,"LAN",12,12,33,33,0,0,0,595,188,82,25,54,162,4,6,2,0,817,0,91,16,4,16,3.72100840336134,1.25042016806723,0.248348745046235,"P",33,33,595,5,27,1,1,34,6375000,"FA"
"43","Capuano","Chris",2014,"capuach01",2013,"LAN",4,7,24,20,0,0,0,317,125,50,11,24,81,5,5,0,0,457,0,57,6,3,11,4.25867507886435,1.45741324921136,0.292056074766355,"P",24,20,317,5,14,0,1,35,2250000,"FA"
"44","Capuano","Chris",2015,"capuach01",2014,"BOS/NYA",3,4,40,12,0,0,0,292,101,47,10,34,84,3,8,4,1,429,4,51,3,5,4,4.3458904109589,1.45890410958904,0.260309278350515,"P/P",40,12,292,3,9,1,1,36,5000000,"FA"
"45","Capuano","Chris",2016,"capuach01",2015,"NYA",0,4,22,4,0,0,0,122,52,36,6,22,38,1,0,3,0,196,7,38,2,1,2,7.9672131147541,1.91803278688525,0.305882352941176,"P",22,4,122,0,10,0,2,37,1500000,"FA"
"46","Carpenter","Chris",2012,"carpech02",2011,"CHN",0,0,10,0,0,0,0,29,12,3,1,7,8,1,2,0,0,47,1,3,0,2,1,2.79310344827586,2.06896551724138,0.307692307692308,"P",10,0,29,1,1,1,0,26,482000,"FA"
"47","Carpenter","Chris",2012,"carpech01",2011,"SLN",11,9,34,34,4,2,0,712,243,91,16,55,191,5,3,6,1,996,0,98,11,3,20,3.45084269662921,1.30196629213483,0.261290322580645,"P",34,34,712,28,23,3,3,36,8500000,"FA"
"48","Casilla","Santiago",2014,"garcija01",2013,"SFN",7,2,57,0,0,0,2,150,39,12,2,25,38,6,8,2,0,208,12,14,2,3,8,2.16,1.44,0.222857142857143,"P",57,0,150,1,8,0,2,33,4500000,"FA"
"49","Chamberlain","Joba",2014,"chambjo03",2013,"NYA",2,1,45,0,0,0,1,126,47,23,8,26,38,1,3,1,0,198,14,23,0,1,2,4.92857142857143,1.78571428571429,0.276470588235294,"P",45,0,126,3,4,0,0,28,2500000,"FA"
"50","Chamberlain","Joba",2015,"chambjo03",2014,"DET",2,5,69,0,0,0,2,189,57,25,3,24,59,3,3,3,0,263,10,26,1,2,8,3.57142857142857,1.38095238095238,0.244635193133047,"P",69,0,189,8,3,0,0,29,1000000,"FA"
"51","Chen","Bruce",2011,"chenbr01",2010,"KCA",12,7,33,23,1,1,1,421,136,65,17,57,98,4,3,3,0,608,4,68,6,7,8,4.16864608076009,1.42517814726841,0.25,"P",33,23,421,4,24,1,0,33,2000000,"FA"
"52","Chen","Bruce",2012,"chenbr01",2011,"KCA",12,8,25,25,1,0,0,465,152,65,18,50,97,2,2,7,0,654,0,71,3,5,10,3.7741935483871,1.36129032258065,0.25546218487395,"P",25,25,465,8,24,0,1,34,4500000,"FA"
"53","Choate","Randy",2011,"choatra01",2010,"TBA",4,3,85,0,0,0,0,134,41,21,3,17,40,5,4,3,0,187,8,23,2,2,8,4.23134328358209,1.47761194029851,0.253086419753086,"P",85,0,134,4,8,1,1,35,1000000,"FA"
"54","Choate","Randy",2013,"choatra01",2012,"MIA/LAN",0,0,80,0,0,0,1,116,29,13,1,18,38,3,2,5,0,168,4,18,2,2,3,3.02586206896552,1.42241379310345,0.204225352112676,"P/P",80,0,116,6,6,0,1,37,1500000,"FA"
"55","Clippard","Tyler",2016,"clippty01",2015,"OAK/NYN",5,4,69,0,0,0,19,213,49,23,8,31,64,2,6,4,0,301,36,25,1,2,2,2.91549295774648,1.2112676056338,0.185606060606061,"P/P",69,0,213,3,6,0,1,30,6100000,"FA"
"56","Coke","Phil",2015,"cokeph01",2014,"DET",5,2,62,0,0,0,1,174,69,25,5,20,41,2,1,2,0,257,24,28,1,2,8,3.87931034482759,1.60344827586207,0.296137339055794,"P",62,0,174,1,5,0,0,32,2250000,"FA"
"57","Colon","Bartolo",2012,"colonba01",2011,"NYA",8,10,29,26,1,1,0,493,172,73,21,40,135,3,0,3,0,694,0,85,2,6,12,3.99797160243408,1.32657200811359,0.265432098765432,"P",29,26,493,10,18,1,1,38,2000000,"FA"
"58","Colon","Bartolo",2013,"colonba01",2012,"OAK",10,9,24,24,0,0,0,457,161,58,17,23,91,3,0,1,0,636,0,62,3,4,14,3.42669584245077,1.23413566739606,0.264367816091954,"P",24,24,457,6,18,4,2,39,3000000,"FA"
"59","Colon","Bartolo",2014,"colonba01",2013,"OAK",18,6,30,30,3,3,0,571,193,56,14,29,117,0,1,0,0,769,0,60,3,6,21,2.64798598949212,1.16637478108581,0.260810810810811,"P",30,30,571,6,22,1,1,40,9000000,"FA"
"60","Colon","Bartolo",2016,"colonba01",2015,"NYN",14,13,33,31,1,1,0,584,217,90,25,24,136,5,0,4,0,815,1,94,9,7,16,4.16095890410959,1.28424657534247,0.277493606138107,"P",33,31,584,9,32,3,6,42,7250000,"FA"
"61","Contreras","Jose",2012,"contrjo01",2011,"PHI",0,0,17,0,0,0,5,42,11,6,0,8,13,0,0,1,0,60,8,6,1,0,1,3.85714285714286,1.42857142857143,0.215686274509804,"P",17,0,42,0,0,0,0,40,2500000,"FA"
"62","Cordero","Francisco",2012,"cordefr01",2011,"CIN",5,3,68,0,0,0,37,209,49,19,6,22,42,0,4,3,1,274,63,20,1,1,6,2.45454545454545,1.0622009569378,0.196787148594378,"P",68,0,209,8,8,1,2,36,4500000,"FA"
"63","Correia","Kevin",2011,"correke01",2010,"SDN",10,10,28,26,0,0,0,435,152,87,20,64,115,6,3,5,0,641,0,89,6,5,11,5.4,1.56551724137931,0.268551236749117,"P",28,26,435,13,13,2,0,30,4000000,"FA"
"64","Correia","Kevin",2013,"correke01",2012,"PIT",12,11,32,28,0,0,0,513,176,80,20,46,89,2,2,3,0,728,0,89,14,7,12,4.21052631578947,1.32748538011696,0.259970457902511,"P",32,28,513,23,23,1,1,32,4500000,"FA"
"65","Cotts","Neal",2015,"cottsne01",2014,"TEX",2,9,73,0,0,0,2,200,66,32,6,23,63,3,4,3,2,286,18,33,2,1,5,4.32,1.425,0.256809338521401,"P",73,0,200,3,7,0,0,34,3000000,"FA"
"66","Cruz","Juan",2011,"cruzju02",2010,"KCA",0,0,5,0,0,0,0,16,9,2,0,4,7,0,0,0,0,28,1,2,1,0,0,3.375,2.4375,0.375,"P",5,0,16,0,1,0,0,32,850000,"FA"
"67","Cruz","Juan",2012,"cruzju02",2011,"TBA",5,0,56,0,0,0,0,146,36,21,5,28,46,2,3,0,0,200,9,21,0,1,6,3.88356164383562,1.35616438356164,0.211764705882353,"P",56,0,146,1,6,0,0,33,1250000,"FA"
"68","Cuddyer","Michael",2012,"cuddymi01",2011,"MIN",0,0,1,0,0,0,0,3,2,0,0,1,0,0,0,0,0,6,1,0,0,0,0,0,3,0.4,"1B/2B/OF/P",141,131,3399,532,81,7,39,32,10500000,"FA"
"69","Cueto","Johnny",2016,"cuetojo01",2015,"CIN/KCA",11,13,32,32,2,2,0,636,194,81,21,46,176,1,0,8,4,866,0,87,5,4,18,3.43867924528302,1.17452830188679,0.23921085080148,"P/P",32,32,636,21,22,0,2,29,17500000,"FA"
"70","Dempster","Ryan",2013,"dempsry01",2012,"CHN/TEX",12,8,28,28,0,0,0,519,155,65,19,52,153,0,2,2,1,717,0,71,5,4,8,3.38150289017341,1.20809248554913,0.233785822021116,"P/P",28,28,519,10,26,1,0,35,13250000,"FA"
"71","Detwiler","Ross",2016,"detwiro01",2015,"TEX/ATL",1,5,41,7,0,0,0,175,82,47,10,36,41,1,3,6,0,288,7,51,1,4,6,7.25142857142857,2.14285714285714,0.33469387755102,"P/P",41,7,175,4,15,0,0,29,1000000,"FA"
"72","Dotel","Octavio",2013,"doteloc01",2012,"DET",5,3,57,0,0,0,1,174,50,23,3,12,62,4,2,1,0,234,15,23,2,2,2,3.56896551724138,1.1551724137931,0.230414746543779,"P",57,0,174,1,4,1,0,39,3500000,"FA"
"73","Downs","Scott",2011,"downssc01",2010,"TOR",5,5,67,0,0,0,0,184,47,18,3,14,48,3,1,4,0,241,14,19,0,0,10,2.64130434782609,1.10869565217391,0.213636363636364,"P",67,0,184,5,12,2,3,34,5000000,"FA"
"74","Duchscherer","Justin",2011,"duchsju01",2010,"OAK",2,1,5,5,0,0,0,84,26,9,3,12,18,0,2,1,0,116,0,11,0,1,7,2.89285714285714,1.39285714285714,0.252427184466019,"P",5,5,84,0,4,0,1,33,700000,"FA"
"75","Duke","Zach",2013,"dukeza01",2012,"WAS",1,0,8,0,0,0,0,41,11,2,0,4,10,0,0,0,0,56,3,2,0,0,0,1.31707317073171,1.09756097560976,0.211538461538462,"P",8,0,41,0,4,0,0,29,700000,"FA"
"76","Duke","Zach",2014,"dukeza01",2013,"WAS/CIN",1,2,26,1,0,0,0,94,39,21,3,10,18,3,2,1,0,142,3,23,2,2,6,6.03191489361702,1.69148936170213,0.3046875,"P/P",26,1,94,1,5,0,0,30,850000,"FA"
"77","Duke","Zach",2014,"dukeza01",2013,"WAS/CIN",1,2,26,1,0,0,0,94,39,21,3,10,18,3,2,1,0,142,3,23,2,2,6,6.03191489361702,1.69148936170213,0.3046875,"P/P",26,1,94,1,5,0,0,30,850000,"FA"
"78","Duke","Zach",2015,"dukeza01",2014,"MIL",5,1,74,0,0,0,0,176,49,16,3,17,74,1,3,0,0,238,13,19,0,0,7,2.45454545454546,1.14204545454545,0.222727272727273,"P",74,0,176,2,10,0,1,31,4500000,"FA"
"79","Durbin","Chad",2011,"durbich01",2010,"PHI",4,1,64,0,0,0,0,206,63,29,7,27,63,2,0,5,0,291,9,29,1,2,8,3.80097087378641,1.4126213592233,0.245136186770428,"P",64,0,206,4,15,0,1,33,800000,"FA"
"80","Durbin","Chad",2012,"durbich01",2011,"CLE",2,2,56,0,0,0,0,205,86,42,12,26,59,3,6,3,0,318,11,45,1,7,2,5.53170731707317,1.72682926829268,0.300699300699301,"P",56,0,205,3,7,0,0,34,900000,"FA"
"81","Estrada","Marco",2016,"estrama01",2015,"TOR",13,8,34,28,0,0,0,543,134,63,24,55,131,2,2,5,0,725,3,67,2,3,6,3.13259668508287,1.0828729281768,0.20211161387632,"P",34,28,543,10,8,1,0,32,11500000,"FA"
"82","Farnsworth","Kyle",2012,"farnsky01",2011,"TBA",5,1,63,0,0,0,25,173,45,14,5,12,51,1,2,3,0,231,51,15,1,2,4,2.1849710982659,1.05780346820809,0.209302325581395,"P",63,0,173,7,7,1,1,35,3300000,"FA"
"83","Farnsworth","Kyle",2013,"farnsky01",2012,"TBA",1,6,34,0,0,0,0,81,22,12,1,14,25,2,2,1,0,120,8,13,2,1,0,4,1.44444444444444,0.213592233009709,"P",34,0,81,1,4,0,0,36,1250000,"FA"
"84","Feldman","Scott",2013,"feldmsc01",2012,"TEX",6,11,29,21,0,0,0,371,139,70,14,32,96,2,2,1,1,536,5,79,0,5,8,5.09433962264151,1.40700808625337,0.277445109780439,"P",29,21,371,6,14,0,0,29,6000000,"FA"
"85","Feldman","Scott",2014,"feldmsc01",2013,"CHN/BAL",12,12,30,30,2,1,0,545,159,78,19,56,132,1,7,9,1,758,0,87,7,7,17,3.86422018348624,1.23853211009174,0.229768786127168,"P/P",30,30,545,11,29,3,2,30,12000000,"FA"
"86","Fister","Doug",2016,"fistedo01",2015,"WAS",5,7,25,15,0,0,1,309,120,48,14,24,63,3,1,6,0,449,2,56,7,5,9,4.19417475728155,1.48543689320388,0.288461538461538,"P",25,15,309,8,18,3,2,31,7000000,"FA"
"87","Floyd","Gavin",2014,"floydga01",2013,"CHA",0,4,5,5,0,0,0,73,27,14,4,12,25,1,1,0,0,110,0,15,2,2,2,5.17808219178082,1.64383561643836,0.278350515463918,"P",5,5,73,2,6,0,1,30,4000000,"FA"
"88","Floyd","Gavin",2015,"floydga01",2014,"ATL",2,2,9,9,0,0,0,163,55,16,6,13,45,0,6,3,0,229,0,23,4,2,7,2.65030674846626,1.30674846625767,0.258215962441315,"P",9,9,163,3,9,1,1,31,4000000,"FA"
"89","Floyd","Gavin",2016,"floydga01",2015,"CLE",0,0,7,0,0,0,0,40,11,4,0,4,7,0,1,1,0,55,2,4,0,0,1,2.7,1.2,0.22,"P",7,0,40,1,2,0,0,32,1000000,"FA"
"90","Francis","Jeff",2011,"francje01",2010,"COL",4,6,20,19,0,0,0,313,119,58,11,23,67,3,1,2,0,441,0,61,6,4,13,5.00319488817891,1.40894568690096,0.288135593220339,"P",20,19,313,2,17,0,3,29,2000000,"FA"
"91","Francis","Jeff",2013,"francje01",2012,"COL",6,7,24,24,0,0,0,339,145,70,15,22,76,5,2,8,0,502,0,71,10,3,9,5.57522123893805,1.5929203539823,0.310492505353319,"P",24,24,339,5,23,0,1,31,1500000,"FA"
"92","Francisco","Frank",2011,"francfr01",2010,"TEX",6,4,56,0,0,0,2,158,49,22,5,18,60,2,2,1,1,221,20,23,3,1,4,3.75949367088608,1.32911392405063,0.245,"P",56,0,158,4,1,0,0,31,4000000,"FA"
"93","Francisco","Frank",2012,"francfr01",2011,"TOR",1,4,54,0,0,0,17,152,49,20,7,18,53,2,2,0,0,218,38,21,1,0,2,3.55263157894737,1.36184210526316,0.247474747474747,"P",54,0,152,2,2,1,0,32,5500000,"FA"
"94","Francoeur","Jeff",2016,"francje02",2015,"PHI",0,0,1,0,0,0,0,6,1,2,1,3,1,0,0,1,0,11,1,2,0,1,0,9,2.5,0.142857142857143,"OF/P",102,69,1982,151,5,7,1,31,1000000,"FA"
"95","Frasor","Jason",2011,"frasoja01",2010,"TOR",3,4,69,0,0,0,4,191,61,26,4,27,65,6,5,4,0,279,18,30,1,0,7,3.67539267015707,1.53926701570681,0.252066115702479,"P",69,0,191,6,5,1,1,33,3500000,"FA"
"96","Frasor","Jason",2012,"frasoja01",2011,"TOR/CHA",3,3,64,0,0,0,0,180,58,24,7,26,57,3,3,3,0,261,10,25,2,4,7,3.6,1.5,0.253275109170306,"P/P",64,0,180,1,7,0,0,34,3750000,"FA"
"97","Frasor","Jason",2013,"frasoja01",2012,"TOR",1,1,50,0,0,0,0,131,42,20,6,22,53,1,5,2,1,191,9,20,1,2,3,4.12213740458015,1.53435114503817,0.253012048192771,"P",50,0,131,5,2,1,0,35,1500000,"FA"
"98","Frasor","Jason",2014,"frasoja01",2013,"TEX",4,3,61,0,0,0,0,147,36,14,4,20,48,3,2,0,0,200,11,15,1,2,0,2.57142857142857,1.20408163265306,0.203389830508475,"P",61,0,147,3,5,1,0,36,1750000,"FA"
"99","Fuentes","Brian",2012,"fuentbr01",2011,"OAK",2,8,67,0,0,0,12,175,52,24,6,20,42,5,2,4,0,250,29,30,4,3,2,3.70285714285714,1.38857142857143,0.235294117647059,"P",67,0,175,1,9,1,0,36,5000000,"FA"
"100","Garcia","Freddy",2011,"garcifr02",2010,"CHA",12,6,28,28,0,0,0,471,171,81,23,45,89,5,4,3,0,671,0,85,5,4,16,4.64331210191083,1.42675159235669,0.276699029126214,"P",28,28,471,14,16,2,2,34,1500000,"FA"
"101","Garland","Jon",2011,"garlajo01",2010,"SDN",14,12,33,33,0,0,0,600,176,77,20,87,136,9,6,6,0,837,0,86,5,5,25,3.465,1.39,0.239455782312925,"P",33,33,600,21,36,1,4,31,4442023,"FA"
"102","Garza","Matt",2014,"garzama01",2013,"CHN/TEX",10,6,24,24,1,0,0,466,150,66,20,42,136,3,6,5,0,652,0,73,8,3,10,3.82403433476395,1.28755364806867,0.249169435215947,"P/P",24,24,466,13,11,2,0,30,12500000,"FA"
"103","Gaudin","Chad",2012,"gaudich01",2011,"WAS",1,1,10,0,0,0,0,25,12,6,1,8,10,0,0,0,0,45,1,10,1,0,1,6.48,2.4,0.324324324324324,"P",10,0,25,0,0,0,0,28,600000,"FA"
"104","Gaudin","Chad",2013,"gaudich01",2012,"MIA",4,2,46,0,0,0,0,208,72,35,6,26,57,5,3,3,1,302,11,39,8,2,5,4.54326923076923,1.52884615384615,0.26865671641791,"P",46,0,208,7,14,0,0,29,750000,"FA"
"105","Gonzalez","Mike",2013,"gonzami02",2012,"WAS",0,0,47,0,0,0,0,107,31,12,2,16,39,0,2,0,1,151,13,14,3,1,3,3.02803738317757,1.31775700934579,0.22962962962963,"P",47,0,107,1,2,0,1,34,2250000,"FA"
"106","Gorzelanny","Tom",2015,"gorzeto01",2014,"MIL",0,0,23,0,0,0,0,63,22,2,1,8,23,0,0,2,0,95,7,3,0,0,0,0.857142857142857,1.52380952380952,0.258823529411765,"P",23,0,63,2,3,1,0,32,1000000,"FA"
"107","Gregg","Kevin",2011,"greggke01",2010,"TOR",2,6,63,0,0,0,37,177,52,23,4,30,58,1,3,1,0,254,56,24,1,3,5,3.50847457627119,1.42372881355932,0.234234234234234,"P",63,0,177,3,3,1,0,32,4200000,"FA"
"108","Gregg","Kevin",2015,"greggke01",2014,"MIA",0,0,12,0,0,0,0,27,11,10,2,5,6,0,1,0,0,41,2,10,0,0,2,10,1.77777777777778,0.305555555555556,"P",12,0,27,0,0,0,0,36,1500000,"FA"
"109","Greinke","Zack",2013,"greinza01",2012,"MIL/LAA",15,5,34,34,0,0,0,637,200,82,18,54,200,0,8,2,0,868,0,84,7,2,17,3.4756671899529,1.20565149136578,0.246305418719212,"P/P",34,34,637,22,31,0,3,29,21000000,"FA"
"110","Greinke","Zack",2016,"greinza01",2015,"LAN",19,3,32,32,1,0,0,668,148,41,14,40,200,1,7,5,0,843,0,43,6,2,15,1.65718562874252,0.87125748502994,0.185696361355082,"P",32,32,668,19,41,2,2,32,31799030,"FA"
"111","Grilli","Jason",2013,"grillja01",2012,"PIT",1,6,64,0,0,0,2,176,45,19,7,22,90,4,0,2,0,244,11,20,2,1,1,2.91477272727273,1.24431818181818,0.208333333333333,"P",64,0,176,5,4,0,0,36,2500000,"FA"
"112","Grilli","Jason",2016,"grillja01",2015,"ATL",3,4,36,0,0,0,24,101,28,11,2,10,45,1,2,0,0,140,29,13,0,1,0,2.94059405940594,1.15841584158416,0.217054263565891,"P",36,0,101,1,3,1,0,39,3625000,"FA"
"113","Guerrier","Matt",2011,"guerrma02",2010,"MIN",5,7,74,0,0,0,1,213,56,25,7,22,42,1,2,3,0,286,13,28,2,3,5,3.16901408450704,1.15492957746479,0.215384615384615,"P",74,0,213,8,11,0,0,32,2461499,"FA"
"114","Guthrie","Jeremy",2013,"guthrje01",2012,"COL/KCA",8,12,33,29,0,0,0,545,206,96,30,50,101,2,2,9,2,788,0,109,8,6,15,4.75596330275229,1.4697247706422,0.283356258596974,"P/P",33,29,545,13,15,4,1,33,5000000,"FA"
"115","Guthrie","Jeremy",2014,"guthrje01",2013,"KCA",15,12,33,33,3,2,0,635,236,95,30,59,111,1,7,8,0,905,0,99,2,8,17,4.03937007874016,1.43622047244094,0.281959378733572,"P",33,33,635,17,22,0,2,34,8000000,"FA"
"116","Halladay","Roy",2011,"hallaro01",2010,"PHI",21,10,33,33,9,4,0,752,231,68,24,30,219,1,5,6,1,993,0,74,9,5,25,2.44148936170213,1.06914893617021,0.24163179916318,"P",33,33,752,16,40,1,0,33,20000000,"FA"
"117","Hamels","Cole",2013,"hamelco01",2012,"PHI",17,6,31,31,2,2,0,646,190,73,24,52,216,3,3,3,2,867,0,80,6,4,10,3.05108359133127,1.15170278637771,0.234857849196539,"P",31,31,646,10,25,4,0,29,20500000,"FA"
"118","Hammel","Jason",2014,"hammeja01",2013,"BAL",7,8,26,23,0,0,1,418,155,77,22,48,96,1,1,8,0,611,1,81,2,8,15,4.97368421052632,1.52153110047847,0.279783393501805,"P",26,23,418,4,7,0,0,31,6000000,"FA"
"119","Hammel","Jason",2016,"hammeja01",2015,"CHN",10,7,31,31,0,0,0,512,158,71,23,40,172,4,10,6,0,710,0,79,4,6,13,3.744140625,1.21875,0.239393939393939,"P",31,31,512,8,23,2,1,33,9000000,"FA"
"120","Harang","Aaron",2014,"haranaa01",2013,"SEA/NYN",5,12,26,26,2,2,0,430,153,86,26,40,113,1,4,6,0,626,0,91,1,6,4,5.4,1.3953488372093,0.264248704663212,"P/P",26,26,430,10,14,1,1,35,1000000,"FA"
"121","Harang","Aaron",2015,"haranaa01",2014,"ATL",12,12,33,33,0,0,0,613,215,81,15,71,161,4,9,1,0,876,0,88,11,6,15,3.56769983686786,1.42414355628059,0.26875,"P",33,33,613,8,27,0,1,36,5000000,"FA"
"122","Harden","Rich",2011,"harderi01",2010,"TEX",5,5,20,18,0,0,0,276,91,57,18,62,75,0,4,9,0,430,0,61,0,4,9,5.57608695652174,1.76086956521739,0.253481894150418,"P",20,18,276,5,5,1,1,29,1500000,"FA"
"123","Haren","Dan",2013,"harenda01",2012,"LAA",12,13,30,30,1,1,0,530,190,85,28,38,142,3,5,3,1,747,0,95,7,8,15,4.33018867924528,1.32452830188679,0.27027027027027,"P",30,30,530,11,19,3,3,32,13000000,"FA"
"124","Haren","Dan",2014,"harenda01",2013,"WAS",10,14,31,30,0,0,1,509,179,88,28,31,151,0,8,7,1,717,1,92,8,4,8,4.66797642436149,1.27897838899804,0.263622974963181,"P",31,30,509,9,14,0,0,33,10000000,"FA"
"125","Haren","Dan",2015,"harenda01",2014,"LAN",13,11,32,32,0,0,0,558,183,83,27,36,145,7,8,3,1,776,0,101,6,5,5,4.01612903225806,1.23118279569892,0.250684931506849,"P",32,32,558,14,23,1,2,34,10000000,"FA"
"126","Hawkins","LaTroy",2012,"hawkila01",2011,"MIL",3,1,52,0,0,0,0,145,50,13,1,10,28,1,2,0,0,204,10,15,1,1,3,2.42068965517241,1.26206896551724,0.259067357512953,"P",52,0,145,1,10,1,0,39,3000000,"FA"
"127","Hawkins","LaTroy",2013,"hawkila01",2012,"LAA",2,3,48,0,0,0,1,126,45,17,5,13,23,1,0,0,0,178,7,20,3,1,3,3.64285714285714,1.4047619047619,0.274390243902439,"P",48,0,126,3,5,1,2,40,480000,"FA"
"128","Hawkins","LaTroy",2015,"hawkila01",2014,"COL",4,3,57,0,0,0,23,163,52,20,3,13,32,2,3,0,0,226,48,23,0,2,6,3.31288343558282,1.23312883435583,0.246445497630332,"P",57,0,163,5,5,1,1,42,2250000,"FA"
"129","Heilman","Aaron",2011,"heilmaa01",2010,"ARI",5,8,70,0,0,0,6,216,73,36,9,26,55,4,8,5,0,316,26,37,2,2,3,4.5,1.5,0.259786476868327,"P",70,0,216,8,9,2,0,32,2000000,"FA"
"130","Hernandez","David",2016,"hernada01",2015,"ARI",1,5,40,0,0,0,0,101,33,16,6,11,33,0,1,3,0,144,7,18,1,0,3,4.27722772277228,1.3960396039604,0.253846153846154,"P",40,0,101,3,2,1,0,30,3900000,"FA"
"131","Hernandez","Felix",2015,"hernafe02",2014,"SEA",15,6,34,34,0,0,0,708,170,56,16,46,248,1,18,5,0,912,0,68,4,5,12,2.13559322033898,0.940677966101695,0.197674418604651,"P",34,34,708,11,25,1,2,28,24857000,"FA"
"132","Hernandez","Livan",2011,"hernali01",2010,"WAS",10,12,33,33,2,1,0,635,216,86,16,64,114,5,1,4,1,896,0,93,17,10,14,3.65669291338583,1.36535433070866,0.262454434993925,"P",33,33,635,6,39,0,3,35,1250000,"FA"
"133","Hernandez","Livan",2012,"hernali01",2011,"WAS",8,13,29,29,1,1,0,526,199,87,16,46,99,6,3,5,0,751,0,98,10,6,17,4.46577946768061,1.46007604562738,0.286743515850144,"P",29,29,526,11,33,1,7,36,750000,"FA"
"134","Hernandez","Roberto",2013,"carmofa01",2012,"CLE",0,3,3,3,0,0,0,43,17,12,4,3,2,0,1,1,0,62,0,15,0,2,1,7.53488372093023,1.46511627906977,0.293103448275862,"P",3,3,43,1,1,0,0,32,3250000,"FA"
"135","Hernandez","Roberto",2014,"carmofa01",2013,"TBA",6,13,32,24,1,0,1,453,164,82,24,38,113,8,3,13,0,643,3,87,3,5,17,4.88741721854305,1.47682119205298,0.280821917808219,"P",32,24,453,8,15,0,2,33,4500000,"FA"
"136","Hernandez","Roberto",2015,"carmofa01",2014,"PHI/LAN",8,11,32,29,0,0,0,494,156,75,19,73,105,7,5,9,0,722,1,84,10,5,8,4.09919028340081,1.48785425101215,0.246445497630332,"P/P",32,29,494,11,23,0,2,34,2650000,"FA"
"137","Hill","Rich",2016,"hillri01",2015,"BOS",2,1,4,4,1,1,0,87,14,5,2,5,36,0,0,2,0,106,0,5,0,0,3,1.55172413793103,0.724137931034483,0.141414141414141,"P",4,4,87,1,2,1,0,35,6000000,"FA"
"138","Hochevar","Luke",2016,"hochelu01",2015,"KCA",1,1,49,0,0,0,1,152,49,21,7,16,49,0,3,1,0,214,16,23,0,1,2,3.73026315789474,1.30263157894737,0.248730964467005,"P",49,0,152,4,7,0,2,32,5500000,"FA"
"139","Hudson","Tim",2011,"hudsoti01",2010,"ATL",17,9,34,34,1,0,0,686,189,72,20,74,139,8,5,9,0,920,0,74,9,2,32,2.83381924198251,1.22448979591837,0.227985524728589,"P",34,34,686,17,57,3,2,35,9000000,"FA"
"140","Hudson","Tim",2014,"hudsoti01",2013,"ATL",8,7,21,21,0,0,0,394,120,58,10,36,95,3,2,2,0,534,0,60,5,1,15,3.9746192893401,1.2258883248731,0.243407707910751,"P",21,21,394,5,16,1,0,38,11000000,"FA"
"141","Hughes","Phil",2014,"hugheph01",2013,"NYA",4,14,30,29,0,0,0,437,170,84,24,42,121,4,6,5,0,642,0,91,3,11,10,5.18993135011442,1.51716247139588,0.287648054145516,"P",30,29,437,3,10,0,0,27,8000000,"FA"
"142","Hughes","Phil",2015,"hugheph01",2014,"MIN",16,10,32,32,1,0,0,629,221,82,16,16,186,1,1,5,0,855,0,88,3,7,16,3.51987281399046,1.15898251192369,0.26530612244898,"P",32,32,629,10,8,1,2,28,9200000,"FA"
"143","Hunter","Tommy",2016,"hunteto02",2015,"BAL/CHN",4,2,58,0,0,0,1,181,61,28,7,14,47,2,2,1,0,249,17,29,1,3,5,4.1767955801105,1.29281767955801,0.262931034482759,"P/P",58,0,181,9,7,0,1,29,2000000,"FA"
"144","Isringhausen","Jason",2012,"isrinja01",2011,"NYN",3,3,53,0,0,0,7,140,36,21,6,24,44,2,1,1,0,200,15,23,2,2,1,4.05,1.35,0.208092485549133,"P",53,0,140,1,6,0,0,39,650000,"FA"
"145","Jackson","Edwin",2012,"jacksed01",2011,"CHA/SLN",12,9,32,31,1,1,0,599,225,84,16,62,148,4,9,2,2,861,1,92,15,6,27,3.78631051752922,1.46744574290484,0.283732660781841,"P/P",32,31,599,12,28,3,2,28,10957715,"FA"
"146","Jimenez","Ubaldo",2014,"jimenub01",2013,"CLE",13,9,32,32,0,0,0,548,163,67,16,80,194,0,8,3,0,777,0,75,1,11,12,3.30109489051095,1.34671532846715,0.234870317002882,"P",32,32,548,5,14,2,1,29,11250000,"FA"
"147","Johnson","Jim",2015,"johnsji04",2014,"OAK/DET",5,2,54,0,0,0,2,160,69,42,5,35,42,6,4,6,0,263,21,46,3,2,7,7.0875,2.175,0.319444444444444,"P/P",54,0,160,4,6,1,0,31,1600000,"FA"
"148","Johnson","Jim",2016,"johnsji04",2015,"ATL/LAN",2,6,72,0,0,0,10,200,77,33,5,20,50,2,3,5,0,291,15,36,3,3,13,4.455,1.56,0.291666666666667,"P/P",72,0,200,4,6,1,0,32,2500000,"FA"
"149","Kazmir","Scott",2014,"kazmisc01",2013,"CLE",10,9,29,29,0,0,0,474,162,71,19,47,162,1,5,3,1,672,0,76,2,1,14,4.04430379746835,1.34810126582278,0.260869565217391,"P",29,29,474,10,12,3,0,29,7000000,"FA"
"150","Kazmir","Scott",2016,"kazmisc01",2015,"OAK/HOU",7,11,31,31,0,0,0,549,162,63,20,59,155,0,5,9,2,763,0,77,5,6,17,3.09836065573771,1.2568306010929,0.233093525179856,"P/P",31,31,549,4,17,7,1,31,14985384,"FA"
"151","Kelley","Shawn",2016,"kellesh01",2015,"SDN",2,2,53,0,0,0,0,154,41,14,4,15,63,4,0,0,0,205,14,18,0,4,1,2.45454545454545,1.16883116883117,0.220430107526882,"P",53,0,154,3,0,1,0,31,4000000,"FA"
"152","Kennedy","Ian",2016,"kenneia01",2015,"SDN",9,15,30,30,0,0,0,505,166,80,31,52,174,4,5,7,1,713,0,95,8,2,10,4.27722772277228,1.36039603960396,0.255384615384615,"P",30,30,505,8,12,0,2,31,7500000,"FA"
"153","Kershaw","Clayton",2016,"kershcl01",2015,"LAN",16,7,33,33,4,3,0,698,163,55,15,42,301,1,9,5,3,890,0,62,4,0,8,2.12750716332378,0.906876790830946,0.193586698337292,"P",33,33,698,8,45,1,1,27,33000000,"FA"
"154","Lackey","John",2016,"lackejo01",2015,"SLN",13,10,33,33,1,0,0,654,211,67,21,53,175,5,5,4,3,896,0,71,11,4,29,2.76605504587156,1.25229357798165,0.252997601918465,"P",33,33,654,20,15,2,3,37,16000000,"FA"
"155","League","Brandon",2013,"leagubr01",2012,"SEA/LAN",2,6,74,0,0,0,15,216,65,25,1,33,54,7,4,1,0,301,39,27,3,0,9,3.125,1.47222222222222,0.25,"P/P",74,0,216,4,7,1,1,29,5500000,"FA"
"156","Lee","Cliff",2012,"leecl02",2011,"PHI",17,8,32,32,6,6,0,698,197,62,18,42,238,0,0,6,0,920,0,66,6,4,20,2.39828080229226,1.05300859598854,0.225917431192661,"P",32,32,698,7,26,1,1,33,21500000,"FA"
"157","Lester","Jon",2015,"lestejo01",2014,"BOS/OAK",16,11,32,32,1,1,0,659,194,60,16,48,220,0,3,5,0,885,0,76,6,5,21,2.45827010622155,1.12443095599393,0.233173076923077,"P/P",32,32,659,8,16,2,1,30,20000000,"FA"
"158","Lester","Jon",2016,"lestejo01",2015,"CHN",11,12,32,32,1,0,0,615,183,76,16,47,207,0,8,7,0,828,0,83,5,4,13,3.33658536585366,1.15609756097561,0.236434108527132,"P",32,32,615,10,17,3,1,31,25000000,"FA"
"159","Lewis","Colby",2015,"lewisco01",2014,"TEX",10,14,29,29,2,1,0,511,211,98,25,48,133,5,3,8,1,762,0,107,3,9,7,5.17808219178082,1.59686888454012,0.300998573466476,"P",29,29,511,3,10,1,0,35,4000000,"FA"
"160","Lewis","Colby",2016,"lewisco01",2015,"TEX",17,9,33,33,2,1,0,614,211,106,26,42,142,2,5,11,0,861,0,114,2,11,14,4.66123778501629,1.29967426710098,0.261786600496278,"P",33,33,614,8,10,1,0,36,6000000,"FA"
"161","Lidge","Brad",2012,"lidgebr01",2011,"PHI",0,2,25,0,0,0,1,58,16,3,0,13,23,3,2,1,0,86,4,3,1,0,1,1.39655172413793,1.70689655172414,0.231884057971014,"P",25,0,58,1,2,0,0,35,1000000,"FA"
"162","Lilly","Ted",2011,"lillyte01",2010,"CHN/LAN",10,12,30,30,1,1,0,581,165,78,32,44,166,4,2,5,2,785,0,83,14,2,12,3.62478485370052,1.12564543889845,0.225409836065574,"P/P",30,30,581,10,21,2,2,34,8166666,"FA"
"163","Lincecum","Tim",2014,"linceti01",2013,"SFN",10,14,32,32,1,1,0,593,184,96,21,76,193,8,11,7,2,841,0,102,10,4,15,4.37099494097808,1.39123102866779,0.245333333333333,"P",32,32,593,11,17,4,0,29,17000000,"FA"
"164","Lindstrom","Matt",2013,"lindsma01",2012,"BAL/ARI",1,0,46,0,0,0,0,141,45,14,2,14,40,2,1,5,1,200,6,17,0,1,4,2.68085106382979,1.40425531914894,0.251396648044693,"P/P",46,0,141,3,4,0,1,32,2300000,"FA"
"165","Linebrink","Scott",2012,"linebsc01",2011,"ATL",4,4,64,0,0,0,1,163,58,22,6,21,42,6,3,4,0,237,27,22,2,4,6,3.6441717791411,1.63803680981595,0.281553398058252,"P",64,0,163,3,5,2,0,35,850000,"FA"
"166","Liriano","Francisco",2013,"liriafr01",2012,"MIN/CHA",6,12,34,28,0,0,0,470,143,93,19,87,167,5,11,7,1,693,2,97,4,8,11,5.34255319148936,1.54468085106383,0.240740740740741,"P/P",34,28,470,6,23,0,2,29,1000000,"FA"
"167","Liriano","Francisco",2014,"liriafr01",2013,"PIT",16,8,26,26,2,0,0,483,134,54,9,63,163,0,7,0,2,666,0,54,3,1,12,3.01863354037267,1.22360248447205,0.222222222222222,"P",26,26,483,7,30,1,5,30,6000000,"FA"
"168","Liriano","Francisco",2015,"liriafr01",2014,"PIT",7,10,29,29,0,0,0,487,130,61,13,81,175,3,12,4,0,691,0,68,6,5,11,3.38193018480493,1.3429158110883,0.21558872305141,"P",29,29,487,2,24,3,1,31,11666666,"FA"
"169","Logan","Boone",2014,"loganbo02",2013,"NYA",5,2,61,0,0,0,0,117,33,14,7,13,50,4,3,0,0,159,9,15,3,3,4,3.23076923076923,1.28205128205128,0.232394366197183,"P",61,0,117,1,3,0,0,29,4750000,"FA"
"170","Lohse","Kyle",2013,"lohseky01",2012,"SLN",16,3,33,33,0,0,0,633,192,67,19,38,143,1,1,4,0,864,0,74,11,7,12,2.85781990521327,1.11374407582938,0.233861144945189,"P",33,33,633,17,26,0,2,34,10063922,"FA"
"171","Lopez","Javier",2012,"lopezja02",2011,"SFN",5,2,70,0,0,0,1,159,42,16,0,26,40,6,1,3,0,222,17,16,3,0,7,2.71698113207547,1.45283018867925,0.224598930481283,"P",70,0,159,3,17,1,2,34,4250000,"FA"
"172","Lopez","Javier",2014,"lopezja02",2013,"SFN",4,2,69,0,0,0,1,118,30,8,1,12,37,5,1,0,0,161,14,10,4,1,5,1.83050847457627,1.19491525423729,0.208333333333333,"P",69,0,118,5,9,0,1,36,4000000,"FA"
"173","Lowe","Mark",2016,"lowema01",2015,"SEA/TOR",1,3,57,0,0,0,1,165,46,12,4,12,61,1,2,1,0,215,13,15,0,2,5,1.96363636363636,1.09090909090909,0.228855721393035,"P/P",57,0,165,2,3,0,0,32,5500000,"FA"
"174","Lyon","Brandon",2013,"lyonbr01",2012,"HOU/TOR",4,2,67,0,0,0,1,183,56,21,5,20,63,3,6,3,0,258,21,21,1,1,1,3.09836065573771,1.34426229508197,0.241379310344828,"P/P",67,0,183,3,5,0,0,33,750000,"FA"
"175","MacDougal","Mike",2011,"macdomi01",2010,"SLN",1,1,17,0,0,0,0,56,23,15,1,12,14,2,1,1,0,92,7,15,1,0,1,7.23214285714286,2.03571428571429,0.298701298701299,"P",17,0,56,1,2,1,0,33,500000,"FA"
"176","Madson","Ryan",2016,"madsory01",2015,"KCA",1,2,68,0,0,0,3,190,47,15,5,14,58,1,1,2,0,248,12,17,0,3,4,2.13157894736842,1.01052631578947,0.203463203463203,"P",68,0,190,6,13,0,4,35,6666667,"FA"
"177","Maholm","Paul",2013,"maholpa01",2012,"CHN/ATL",13,11,32,31,1,1,0,567,178,77,20,53,140,3,5,11,0,786,0,80,7,4,19,3.66666666666667,1.2962962962963,0.247566063977747,"P/P",32,31,567,5,26,2,1,30,6500000,"FA"
"178","Maholm","Paul",2014,"maholpa01",2013,"ATL",10,11,26,26,0,0,0,459,169,75,17,47,105,3,3,10,0,670,0,82,8,2,20,4.41176470588235,1.49673202614379,0.277049180327869,"P",26,26,459,7,18,1,2,31,1500000,"FA"
"179","Marcum","Shaun",2013,"marcush01",2012,"MIL",7,4,21,21,0,0,0,372,116,51,16,41,109,2,3,4,2,527,0,57,6,2,4,3.70161290322581,1.31451612903226,0.241666666666667,"P",21,21,372,11,16,1,0,31,4000000,"FA"
"180","Marmol","Carlos",2014,"marmoca01",2013,"CHN/LAN",2,4,52,0,0,0,2,147,40,24,7,40,59,3,5,4,1,225,17,26,1,2,3,4.40816326530612,1.77551020408163,0.224719101123595,"P/P",52,0,147,6,11,1,1,31,1250000,"FA"
"181","Marquis","Jason",2013,"marquja01",2012,"MIN/SDN",8,11,22,22,1,1,0,383,146,74,23,42,91,3,6,4,0,561,0,86,6,4,13,5.21671018276762,1.52741514360313,0.28515625,"P/P",22,22,383,7,23,2,0,34,3000000,"FA"
"182","Marshall","Sean",2013,"marshse01",2012,"CIN",5,5,73,0,0,0,9,183,55,17,3,16,74,2,1,3,1,256,22,18,0,0,1,2.50819672131148,1.24590163934426,0.234042553191489,"P",73,0,183,4,11,0,0,30,4625000,"FA"
"183","Masterson","Justin",2015,"masteju01",2014,"CLE/SLN",7,9,28,25,0,0,0,386,141,84,12,69,116,2,14,15,0,592,1,90,8,1,21,5.87564766839378,1.76424870466321,0.278656126482213,"P/P",28,25,386,8,22,1,5,29,9500000,"FA"
"184","Mathis","Jeff",2013,"mathije01",2012,"TOR",0,0,2,0,0,0,0,6,4,2,0,1,0,0,0,0,0,11,2,2,0,0,0,9,2.5,0.4,"C/P",68,59,1604,433,38,2,5,29,1500000,"FA"
"185","McCarthy","Brandon",2013,"mccarbr01",2012,"OAK",8,6,18,18,0,0,0,333,115,40,10,24,73,2,0,6,0,469,0,44,5,4,8,3.24324324324324,1.32432432432432,0.263157894736842,"P",18,18,333,7,14,0,1,29,5250000,"FA"
"186","McCarthy","Brandon",2015,"mccarbr01",2014,"ARI/NYA",10,15,32,32,1,1,0,600,222,90,25,33,175,4,4,3,0,836,0,100,3,4,16,4.05,1.31,0.278894472361809,"P/P",32,32,600,11,20,0,1,31,12500000,"FA"
"187","McGowan","Dustin",2015,"mcgowdu01",2014,"TOR",5,3,53,8,0,0,1,246,80,38,13,33,61,1,2,3,0,354,9,41,0,2,6,4.17073170731707,1.42682926829268,0.252365930599369,"P",53,8,246,3,11,0,2,32,650000,"FA"
"188","McGowan","Dustin",2016,"mcgowdu01",2015,"PHI",1,2,14,1,0,0,0,70,29,18,7,20,21,1,1,0,0,118,3,21,0,0,3,6.94285714285714,2.14285714285714,0.298969072164948,"P",14,1,70,1,5,0,1,33,1000000,"FA"
"189","Medlen","Kris",2016,"medlekr01",2015,"KCA",6,2,15,8,0,0,0,175,56,26,6,18,40,0,3,2,0,243,2,30,0,1,4,4.01142857142857,1.30285714285714,0.251121076233184,"P",15,8,175,4,7,0,0,30,5500000,"FA"
"190","Miles","Aaron",2011,"milesaa01",2010,"SLN",0,0,2,0,0,0,0,6,2,0,0,0,0,0,0,0,0,8,2,0,0,0,0,0,1,0.25,"2B/3B/P/SS",63,22,782,50,93,4,15,34,500000,"FA"
"191","Miller","Andrew",2015,"millean01",2014,"BOS/BAL",5,5,73,0,0,0,1,187,33,14,3,17,103,2,3,5,0,242,15,16,2,2,2,2.02139037433155,0.914438502673797,0.151376146788991,"P/P",73,0,187,0,8,1,0,29,9000000,"FA"
"192","Millwood","Kevin",2012,"millwke01",2011,"COL",4,3,9,9,0,0,0,163,58,24,9,8,36,0,2,0,0,222,0,26,2,0,3,3.97546012269939,1.21472392638037,0.271028037383178,"P",9,9,163,7,4,1,1,37,1000000,"FA"
"193","Morales","Franklin",2015,"moralfr01",2014,"COL",6,9,38,22,0,0,0,427,166,85,24,65,100,4,5,6,4,646,4,90,7,7,16,5.37470725995316,1.69320843091335,0.290718038528897,"P",38,22,427,7,19,5,1,28,1850000,"FA"
"194","Morales","Franklin",2016,"moralfr01",2015,"KCA",4,2,67,0,0,0,0,187,58,22,4,14,41,0,6,4,2,258,12,24,2,2,6,3.17647058823529,1.2192513368984,0.241666666666667,"P",67,0,187,4,12,1,2,29,2000000,"FA"
"195","Morrow","Brandon",2015,"morrobr01",2014,"TOR",1,3,13,6,0,0,0,100,37,21,2,18,30,0,1,0,1,148,2,21,1,0,6,5.67,1.65,0.284615384615385,"P",13,6,100,3,3,0,0,30,2500000,"FA"
"196","Morton","Charlie",2015,"mortoch02",2014,"PIT",6,12,26,26,0,0,0,472,143,65,9,57,126,2,8,19,0,666,0,76,7,5,22,3.71822033898305,1.40466101694915,0.243197278911565,"P",26,26,472,9,23,1,2,31,8000000,"FA"
"197","Mota","Guillermo",2011,"motagu01",2010,"SFN",1,3,56,0,0,0,1,162,49,26,4,22,38,5,5,0,0,228,17,29,0,4,3,4.33333333333333,1.40740740740741,0.243781094527363,"P",56,0,162,0,7,1,0,37,925000,"FA"
"198","Mota","Guillermo",2012,"motagu01",2011,"SFN",2,2,52,0,0,0,1,241,71,34,10,30,77,4,1,2,1,333,11,34,3,2,3,3.80912863070539,1.33195020746888,0.239057239057239,"P",52,0,241,4,10,0,0,38,1000000,"FA"
"199","Motte","Jason",2015,"motteja01",2014,"SLN",1,0,29,0,0,0,0,75,29,13,7,9,17,0,1,0,0,110,10,14,0,2,1,4.68,1.52,0.287128712871287,"P",29,0,75,1,3,0,0,32,4500000,"FA"
"200","Motte","Jason",2016,"motteja01",2015,"CHN",8,1,57,0,0,0,6,145,48,21,4,11,34,5,2,2,0,206,18,21,3,2,0,3.91034482758621,1.36551724137931,0.25531914893617,"P",57,0,145,1,5,0,0,33,5000000,"FA"
"201","Mujica","Edward",2014,"mujiced01",2013,"SLN",2,1,65,0,0,0,37,194,60,20,9,5,46,1,0,1,1,255,49,20,3,1,5,2.78350515463917,1.0360824742268,0.241935483870968,"P",65,0,194,6,9,0,0,29,4750000,"FA"
"202","Myers","Brett",2012,"myersbr01",2011,"HOU",7,14,34,33,2,0,0,648,226,107,31,57,160,5,7,4,0,917,1,116,5,6,20,4.45833333333333,1.35185185185185,0.265569917743831,"P",34,33,648,33,19,4,2,31,12000000,"FA"
"203","Myers","Brett",2013,"myersbr01",2012,"HOU/CHA",3,8,70,0,0,0,19,196,65,24,8,15,41,2,2,3,0,272,41,30,2,3,6,3.30612244897959,1.30102040816327,0.257936507936508,"P/P",70,0,196,12,6,0,2,32,7000000,"FA"
"204","Nathan","Joe",2013,"nathajo01",2012,"TEX",3,5,66,0,0,0,37,193,55,20,7,13,78,1,5,2,0,257,62,23,1,3,6,2.7979274611399,1.10362694300518,0.228215767634855,"P",66,0,193,3,4,1,1,38,8000000,"FA"
"205","Nathan","Joe",2015,"nathajo01",2014,"DET",5,4,62,0,0,0,35,174,60,31,5,29,54,3,4,1,1,259,54,32,1,2,4,4.81034482758621,1.60344827586207,0.265486725663717,"P",62,0,174,6,6,0,0,40,10000000,"FA"
"206","Neshek","Pat",2016,"neshepa01",2015,"HOU",3,6,66,0,0,0,1,164,49,22,8,12,51,1,1,2,0,223,8,25,4,1,3,3.6219512195122,1.17073170731707,0.235576923076923,"P",66,0,164,1,6,1,0,35,6500000,"FA"
"207","Nolasco","Ricky",2015,"nolasri01",2014,"MIN",6,12,27,27,1,0,0,477,203,95,22,38,115,1,5,5,0,695,0,96,4,5,16,5.37735849056604,1.55345911949686,0.311827956989247,"P",27,27,477,8,13,0,0,32,12000000,"FA"
"208","Norris","Bud",2016,"norribu01",2015,"BAL/SDN",3,11,38,11,0,0,0,249,100,62,15,31,71,0,2,4,0,377,7,68,3,2,5,6.72289156626506,1.62650602409639,0.292397660818713,"P/P",38,11,249,6,6,2,0,30,2500000,"FA"
"209","O'Day","Darren",2016,"odayda01",2015,"BAL",6,2,68,0,0,0,6,196,47,11,5,14,82,1,0,5,0,257,19,13,0,1,5,1.51530612244898,1.02551020408163,0.19831223628692,"P",68,0,196,2,4,0,1,33,5854712,"FA"
"210","O'Flaherty","Eric",2014,"oflaher01",2013,"ATL",3,0,19,0,0,0,0,54,12,5,2,5,11,1,0,0,0,70,2,5,0,1,1,2.5,1,0.1875,"P",19,0,54,0,5,0,0,28,1500000,"FA"
"211","O'Flaherty","Eric",2016,"oflaher01",2015,"OAK/NYN",1,2,41,0,0,0,0,90,47,27,2,18,21,2,1,2,0,159,8,30,2,0,2,8.1,2.3,0.343065693430657,"P/P",41,0,90,2,5,0,0,30,1750000,"FA"
"212","Ohlendorf","Ross",2016,"ohlenro01",2015,"TEX",3,1,21,0,0,0,1,58,21,8,4,7,19,2,0,0,0,85,6,8,0,1,0,3.72413793103448,1.55172413793103,0.276315789473684,"P",21,0,58,0,2,0,0,33,800000,"FA"
"213","Oliver","Darren",2011,"oliveda02",2010,"TEX",1,2,64,0,0,0,1,185,53,17,4,15,65,4,0,2,0,244,7,20,5,3,8,2.48108108108108,1.2,0.237668161434978,"P",64,0,185,2,9,0,0,40,3250000,"FA"
"214","Oliver","Darren",2013,"oliveda02",2012,"TOR",3,4,62,0,0,0,2,170,43,13,3,15,52,0,3,4,0,221,11,13,1,0,6,2.06470588235294,1.09411764705882,0.212871287128713,"P",62,0,170,1,3,0,0,42,3000000,"FA"
"215","Papelbon","Jonathan",2012,"papeljo01",2011,"BOS",4,1,63,0,0,0,31,193,50,21,3,10,87,1,1,3,0,255,54,22,0,1,0,2.93782383419689,0.994818652849741,0.20746887966805,"P",63,0,193,3,2,1,0,31,11000058,"FA"
"216","Parra","Manny",2014,"parrama01",2013,"CIN",2,3,57,0,0,0,0,138,40,17,5,15,56,0,4,1,0,188,8,18,3,1,4,3.32608695652174,1.21739130434783,0.232558139534884,"P",57,0,138,4,6,0,0,31,2000000,"FA"
"217","Pavano","Carl",2011,"pavanca01",2010,"MIN",17,11,32,32,7,2,0,663,227,92,24,37,117,2,4,6,0,906,0,95,5,5,14,3.74660633484163,1.23076923076923,0.263646922183508,"P",32,32,663,19,26,0,3,34,8000000,"FA"
"218","Peavy","Jake",2012,"peavyja01",2011,"CHA",7,7,19,18,1,1,0,335,117,61,10,24,95,4,4,3,0,470,0,61,1,5,5,4.91641791044776,1.32537313432836,0.266514806378132,"P",19,18,335,9,6,1,0,30,17000000,"FA"
"219","Peavy","Jake",2015,"peavyja01",2014,"BOS/SFN",7,13,32,32,0,0,0,608,196,84,23,63,158,2,5,9,2,852,0,91,8,11,21,3.73026315789474,1.33223684210526,0.251928020565553,"P/P",32,32,608,23,25,2,3,33,9000000,"FA"
"220","Pelfrey","Mike",2016,"pelfrmi01",2015,"MIN",6,11,30,30,0,0,0,494,198,78,11,45,86,1,5,12,0,714,0,86,3,3,29,4.26315789473684,1.55465587044534,0.301829268292683,"P",30,30,494,8,20,0,2,31,8000000,"FA"
"221","Penny","Brad",2011,"pennybr01",2010,"SLN",3,4,9,9,0,0,0,167,63,20,4,9,35,1,1,3,0,232,0,25,2,3,9,3.23353293413174,1.36526946107784,0.287671232876712,"P",9,9,167,2,9,0,0,32,3000000,"FA"
"222","Peralta","Joel",2013,"peraljo01",2012,"TBA",2,6,76,0,0,0,2,201,49,27,9,17,84,2,5,1,0,264,9,28,0,1,1,3.62686567164179,1.02985074626866,0.200819672131148,"P",76,0,201,6,2,0,1,36,3000000,"FA"
"223","Peralta","Joel",2016,"peraljo01",2015,"LAN",3,1,33,0,0,0,3,87,28,14,6,8,24,1,1,0,0,121,7,14,0,0,1,4.3448275862069,1.27586206896552,0.25,"P",33,0,87,1,0,0,0,39,1250000,"FA"
"224","Perez","Oliver",2013,"perezol01",2012,"SEA",1,3,33,0,0,0,0,89,27,7,1,10,24,2,2,0,0,123,6,7,1,1,1,2.12359550561798,1.31460674157303,0.243243243243243,"P",33,0,89,2,5,0,1,31,1500000,"FA"
"225","Perez","Oliver",2014,"perezol01",2013,"SEA",3,3,61,0,0,0,2,159,50,22,6,26,74,3,1,1,0,229,22,23,1,0,7,3.73584905660377,1.50943396226415,0.251256281407035,"P",61,0,159,1,4,1,0,32,1750000,"FA"
"226","Perez","Oliver",2016,"perezol01",2015,"ARI/HOU",2,4,70,0,0,0,0,123,39,19,4,15,51,2,3,4,0,183,15,24,1,0,2,4.17073170731707,1.46341463414634,0.240740740740741,"P/P",70,0,123,3,6,0,1,34,3000000,"FA"
"227","Perkins","Glen",2015,"perkigl01",2014,"MIN",4,3,63,0,0,0,34,185,62,25,7,11,66,2,3,2,0,260,56,29,2,5,2,3.64864864864865,1.24864864864865,0.253061224489796,"P",63,0,185,2,8,0,0,31,4650000,"FA"
"228","Pettitte","Andy",2013,"pettian01",2012,"NYA",5,4,12,12,0,0,0,226,65,24,8,21,69,0,1,0,0,303,0,26,2,0,7,2.86725663716814,1.14159292035398,0.230496453900709,"P",12,12,226,1,12,0,0,40,12000000,"FA"
"229","Porcello","Rick",2016,"porceri01",2015,"BOS",9,15,28,28,0,0,0,516,196,94,25,38,149,0,12,10,1,737,0,103,2,5,21,4.91860465116279,1.41860465116279,0.284470246734398,"P",28,28,516,10,19,3,3,27,20125000,"FA"
"230","Qualls","Chad",2012,"quallch01",2011,"SDN",6,8,77,0,0,0,0,223,73,29,7,20,43,5,4,0,0,306,20,30,7,1,6,3.51121076233184,1.31838565022422,0.259786476868327,"P",77,0,223,4,14,0,1,33,1150000,"FA"
"231","Qualls","Chad",2015,"quallch01",2014,"HOU",1,5,58,0,0,0,19,154,54,19,5,5,43,2,1,2,0,213,41,22,2,0,5,3.33116883116883,1.22727272727273,0.264705882352941,"P",58,0,154,4,8,0,0,36,3000000,"FA"
"232","Qualls","Chad",2016,"quallch01",2015,"HOU",3,5,60,0,0,0,4,148,46,24,6,9,46,1,3,2,0,202,17,24,1,4,2,4.37837837837838,1.17567567567568,0.242105263157895,"P",60,0,148,2,7,0,1,37,2250000,"FA"
"233","Raburn","Ryan",2016,"raburry01",2015,"CLE",0,0,1,0,0,0,0,2,1,0,0,1,0,0,0,0,0,4,0,2,0,0,0,0,3,0.333333333333333,"OF/P",36,24,584,43,1,1,0,34,1500000,"FA"
"234","Rauch","Jon",2012,"rauchjo01",2011,"TOR",5,4,53,0,0,0,11,156,56,28,11,14,36,1,2,1,0,225,28,28,2,0,3,4.84615384615385,1.38461538461538,0.267942583732057,"P",53,0,156,3,6,0,1,33,3500000,"FA"
"235","Rauch","Jon",2013,"rauchjo01",2012,"NYN",3,7,73,0,0,0,4,173,45,23,7,12,42,2,1,1,0,233,22,28,1,4,3,3.58959537572254,1.04046242774566,0.206422018348624,"P",73,0,173,2,7,0,0,34,1000000,"FA"
"236","Reyes","Dennys",2011,"reyesde01",2010,"SLN",3,1,59,0,0,0,1,114,34,15,2,21,25,3,4,2,0,163,13,15,2,1,7,3.55263157894737,1.57894736842105,0.248175182481752,"P",59,0,114,1,8,0,0,33,900000,"FA"
"237","Rhodes","Arthur",2011,"rhodear01",2010,"CIN",4,4,69,0,0,0,0,165,38,14,4,18,50,0,1,1,0,217,8,14,2,2,2,2.29090909090909,1.03636363636364,0.191919191919192,"P",69,0,165,3,6,0,0,41,3900000,"FA"
"238","Rivera","Mariano",2011,"riverma01",2010,"NYA",3,3,61,0,0,0,33,180,39,12,2,11,45,3,0,5,0,230,55,14,0,1,4,1.8,0.966666666666667,0.184834123222749,"P",61,0,180,2,16,0,0,41,14911700,"FA"
"239","Rivera","Mariano",2013,"riverma01",2012,"NYA",1,1,9,0,0,0,5,25,6,2,0,2,8,2,0,0,0,32,9,2,0,0,1,2.16,1.2,0.214285714285714,"P",9,0,25,1,2,0,0,43,10000000,"FA"
"240","Robertson","David",2015,"roberda08",2014,"NYA",4,5,63,0,0,0,39,193,45,22,7,23,96,2,0,1,0,259,55,23,1,0,2,3.07772020725389,1.10362694300518,0.1931330472103,"P",63,0,193,5,4,0,0,29,10000000,"FA"
"241","Rodney","Fernando",2013,"rodnefe01",2012,"TBA",2,2,76,0,0,0,48,224,43,5,2,15,76,1,4,3,0,282,65,9,4,2,5,0.602678571428571,0.830357142857143,0.163498098859316,"P",76,0,224,13,13,0,1,35,2500000,"FA"
"242","Rodney","Fernando",2014,"rodnefe01",2013,"TBA",5,4,68,0,0,0,37,200,53,25,3,36,82,3,4,1,1,290,55,27,1,1,2,3.375,1.395,0.212,"P",68,0,200,4,7,2,1,36,7000000,"FA"
"243","Rodriguez","Francisco",2012,"rodrifr03",2011,"NYN/MIL",6,2,73,0,0,0,23,215,67,21,4,26,79,4,4,2,0,307,36,22,2,1,3,2.63720930232558,1.38139534883721,0.243636363636364,"P/P",73,0,215,8,4,0,0,29,8000000,"FA"
"244","Rodriguez","Francisco",2014,"rodrifr03",2013,"MIL/BAL",3,2,48,0,0,0,10,140,42,14,7,14,54,4,2,1,0,193,23,14,3,0,2,2.7,1.30714285714286,0.241379310344828,"P/P",48,0,140,2,4,0,0,31,3250000,"FA"
"245","Rodriguez","Francisco",2016,"rodrifr03",2015,"MIL",1,3,60,0,0,0,38,171,38,14,6,11,62,1,3,0,0,216,55,15,1,2,5,2.21052631578947,0.87719298245614,0.186274509803922,"P",60,0,171,5,2,0,0,33,7383481,"FA"
"246","Rodriguez","Wandy",2012,"rodriwa01",2011,"HOU",11,11,30,30,0,0,0,573,182,74,25,69,166,7,5,5,0,808,0,81,7,3,21,3.4869109947644,1.37696335078534,0.250343878954608,"P",30,30,573,15,22,0,3,32,10500000,"FA"
"247","Romo","Sergio",2015,"romose01",2014,"SFN",6,4,64,0,0,0,23,174,43,24,9,12,59,2,2,4,0,230,35,24,2,0,3,3.72413793103448,1.05172413793103,0.202830188679245,"P",64,0,174,3,7,1,0,31,6000000,"FA"
"248","Sabathia","CC",2011,"sabatcc01",2010,"NYA",21,7,34,34,2,0,0,713,209,84,20,74,197,6,8,7,1,970,0,92,5,8,27,3.18092566619916,1.24544179523142,0.236693091732729,"P",34,34,713,4,30,1,3,30,24285714,"FA"
"249","Sabathia","CC",2013,"sabatcc01",2012,"NYA",15,6,28,28,2,0,0,600,184,75,22,44,197,2,4,8,1,833,0,89,4,3,12,3.375,1.19,0.23620025673941,"P",28,28,600,1,27,0,0,32,24285714,"FA"
"250","Samardzija","Jeff",2016,"samarje01",2015,"CHA",11,13,32,32,2,2,0,642,228,118,29,49,163,0,5,12,0,910,0,122,4,9,17,4.96261682242991,1.35046728971963,0.268551236749117,"P",32,32,642,7,14,0,2,30,10800000,"FA"
"251","Sanchez","Anibal",2014,"sanchan01",2013,"DET",14,8,29,29,1,1,0,546,156,52,9,54,202,1,7,2,0,746,0,56,4,4,10,2.57142857142857,1.17032967032967,0.226415094339623,"P",29,29,546,17,19,1,0,29,15800000,"FA"
"252","Sanchez","Jonathan",2013,"sanchjo01",2012,"KCA/COL",1,9,15,15,0,0,0,194,82,58,11,53,45,2,6,5,1,327,0,60,2,6,3,8.07216494845361,2.19587628865979,0.307116104868914,"P/P",15,15,194,2,8,4,0,30,1375000,"FA"
"253","Santana","Ervin",2014,"santaer01",2013,"KCA",9,10,32,32,0,0,0,633,190,76,26,51,161,3,6,6,0,859,0,85,2,3,14,3.24170616113744,1.18483412322275,0.237797246558198,"P",32,32,633,22,19,1,2,31,14100000,"FA"
"254","Santana","Ervin",2015,"santaer01",2014,"ATL",14,10,31,31,0,0,0,588,193,86,16,63,179,4,9,4,0,817,0,90,12,12,19,3.94897959183673,1.3469387755102,0.258713136729223,"P",31,31,588,17,20,1,1,32,13500000,"FA"
"255","Saunders","Joe",2013,"saundjo01",2012,"ARI/BAL",9,13,28,28,1,1,0,524,195,79,21,39,112,2,3,2,0,745,0,88,7,3,11,4.0706106870229,1.36259541984733,0.277777777777778,"P/P",28,28,524,12,23,1,2,31,6000000,"FA"
"256","Schumaker","Skip",2015,"schumsk01",2014,"CIN",0,0,1,0,0,0,0,3,0,0,0,1,0,0,0,0,0,4,1,0,0,0,0,0,1,0,"2B/OF/P",72,61,1649,99,42,4,8,34,2500000,"FA"
"257","Sherrill","George",2012,"sherrge01",2011,"ATL",3,1,51,0,0,0,0,108,33,12,3,12,38,1,1,1,0,149,9,12,2,1,3,3,1.30555555555556,0.244444444444444,"P",51,0,108,2,6,0,1,34,1100000,"FA"
"258","Shields","James",2016,"shielja02",2015,"SDN",13,7,33,33,0,0,0,607,189,88,33,81,216,5,7,9,1,860,0,93,6,1,21,3.91433278418451,1.40362438220758,0.247058823529412,"P",33,33,607,10,30,3,2,34,21000000,"FA"
"259","Simon","Alfredo",2016,"simonal01",2015,"DET",13,12,31,31,2,1,0,561,201,105,24,68,117,1,14,8,0,820,0,112,9,6,13,5.05347593582888,1.48663101604278,0.270524899057873,"P",31,31,561,14,25,0,2,34,2000000,"FA"
"260","Sipp","Tony",2016,"sippto01",2015,"HOU",3,4,60,0,0,0,0,163,41,12,5,15,62,1,4,1,0,216,12,13,2,1,2,1.98773006134969,1.06748466257669,0.206030150753769,"P",60,0,163,2,7,0,0,32,6000000,"FA"
"261","Soriano","Rafael",2011,"soriara01",2010,"TBA",3,2,64,0,0,0,45,187,36,12,4,14,57,2,0,1,0,237,56,14,0,1,3,1.73262032085561,0.850267379679144,0.163636363636364,"P",64,0,187,3,0,1,0,31,10000000,"FA"
"262","Soriano","Rafael",2013,"soriara01",2012,"NYA",2,1,69,0,0,0,42,203,55,17,6,24,69,4,3,1,0,279,54,17,0,1,6,2.26108374384236,1.24137931034483,0.22,"P",69,0,203,1,4,1,0,33,11742091,"FA"
"263","Stauffer","Tim",2015,"staufti01",2014,"SDN",6,2,44,3,0,0,0,193,67,25,4,23,67,4,1,2,1,273,22,25,2,1,7,3.49740932642487,1.49222797927461,0.274590163934426,"P",44,3,193,7,5,0,2,32,2200000,"FA"
"264","Street","Huston",2013,"streehu01",2012,"SDN",2,1,40,0,0,0,23,117,17,8,2,11,47,1,1,0,0,144,36,8,1,1,0,1.84615384615385,0.743589743589744,0.128787878787879,"P",40,0,117,4,7,0,0,29,7000000,"FA"
"265","Suzuki","Ichiro",2016,"suzukic01",2015,"MIA",0,0,1,0,0,0,0,3,2,1,0,0,0,0,0,0,0,5,1,1,0,0,0,9,2,0.4,"OF/P",110,88,2472,217,5,0,0,42,2000000,"FA"
"266","Thatcher","Joe",2015,"thatcjo01",2014,"ARI/LAA",2,1,53,0,0,0,0,91,36,13,3,4,27,1,1,4,0,135,9,16,1,2,1,3.85714285714286,1.48351648351648,0.285714285714286,"P/P",53,0,91,1,0,0,0,33,1000000,"FA"
"267","Thornton","Matt",2011,"thornma01",2010,"CHA",5,4,61,0,0,0,8,182,41,18,3,20,81,5,1,2,0,239,13,18,0,2,5,2.67032967032967,1.12087912087912,0.193396226415094,"P",61,0,182,0,6,0,0,34,3000000,"FA"
"268","Thornton","Matt",2012,"thornma01",2011,"CHA",2,5,62,0,0,0,3,179,60,22,3,21,63,5,2,0,0,262,20,34,3,3,2,3.31843575418994,1.44134078212291,0.254237288135593,"P",62,0,179,5,7,0,0,35,5500000,"FA"
"269","Thornton","Matt",2014,"thornma01",2013,"CHA/BOS",0,4,60,0,0,0,0,130,47,18,4,15,30,1,2,2,0,187,6,20,4,1,6,3.73846153846154,1.5,0.27810650887574,"P/P",60,0,130,3,6,2,0,37,3500000,"FA"
"270","Thornton","Matt",2016,"thornma01",2015,"WAS",2,1,60,0,0,0,0,124,33,10,2,11,23,3,1,1,0,171,12,12,2,1,3,2.17741935483871,1.16129032258065,0.211538461538462,"P",60,0,124,2,8,0,1,39,1600000,"FA"
"271","Valverde","Jose",2014,"valvejo01",2013,"DET",0,1,20,0,0,0,9,58,18,12,6,6,19,0,0,2,0,84,18,12,0,0,1,5.58620689655172,1.3448275862069,0.236842105263158,"P",20,0,58,0,1,0,0,35,1000000,"FA"
"272","Vazquez","Javier",2011,"vazquja01",2010,"NYA",10,10,31,26,0,0,0,472,155,93,32,65,121,4,8,7,0,683,4,96,2,7,8,5.31991525423729,1.46822033898305,0.255354200988468,"P",31,26,472,14,23,0,2,34,7000000,"FA"
"273","Verlander","Justin",2015,"verlaju01",2014,"DET",15,12,32,32,0,0,0,618,223,104,18,65,159,1,5,5,1,893,0,114,6,5,16,4.54368932038835,1.42718446601942,0.271289537712895,"P",32,32,618,10,23,6,2,31,28000000,"FA"
"274","Villanueva","Carlos",2013,"villaca01",2012,"TOR",7,7,38,16,0,0,0,376,113,58,23,46,122,4,6,3,1,521,9,59,2,4,12,4.16489361702128,1.32446808510638,0.241452991452991,"P",38,16,376,7,11,0,0,29,5000000,"FA"
"275","Villanueva","Carlos",2015,"villaca01",2014,"CHN",5,7,42,5,0,0,2,233,89,40,6,19,72,4,3,3,0,343,15,42,3,2,3,4.63519313304721,1.48068669527897,0.280757097791798,"P",42,5,233,3,12,0,0,31,2000000,"FA"
"276","Villanueva","Carlos",2016,"villaca01",2015,"SLN",4,3,35,0,0,0,2,183,50,20,6,21,55,2,1,2,0,250,20,21,1,2,3,2.95081967213115,1.22950819672131,0.222222222222222,"P",35,0,183,3,4,0,0,32,1490314,"FA"
"277","Vogelsong","Ryan",2013,"vogelry01",2012,"SFN",14,9,31,31,0,0,0,569,171,71,17,62,158,7,3,8,0,788,0,76,7,4,13,3.36906854130053,1.30755711775044,0.240506329113924,"P",31,31,569,6,20,0,3,35,5000000,"FA"
"278","Vogelsong","Ryan",2014,"vogelry01",2013,"SFN",4,6,19,19,0,0,0,311,124,66,15,38,67,2,3,6,0,467,0,73,4,4,8,5.72990353697749,1.63987138263666,0.294536817102138,"P",19,19,311,8,10,0,0,36,5000000,"FA"
"279","Vogelsong","Ryan",2015,"vogelry01",2014,"SFN",8,13,32,32,1,0,0,554,178,82,18,58,151,2,2,9,0,780,0,86,10,3,15,3.99638989169675,1.33754512635379,0.250351617440225,"P",32,32,554,11,19,2,1,37,4000000,"FA"
"280","Vogelsong","Ryan",2016,"vogelry01",2015,"SFN",9,11,33,22,0,0,0,405,140,70,17,58,108,2,1,3,0,598,6,76,3,6,14,4.66666666666667,1.5037037037037,0.261682242990654,"P",33,22,405,7,13,0,1,38,2000000,"FA"
"281","Volquez","Edinson",2014,"volqued01",2013,"SDN/LAN",9,12,33,32,0,0,0,511,193,108,19,77,142,2,16,3,0,777,0,114,9,4,7,5.70645792563601,1.61448140900196,0.277697841726619,"P/P",33,32,511,11,21,0,0,30,5000000,"FA"
"282","Volquez","Edinson",2016,"volqued01",2015,"KCA",13,9,34,33,1,0,0,601,190,79,16,72,155,1,3,8,0,850,0,89,5,7,20,3.54908485856905,1.35274542429285,0.247074122236671,"P",34,33,601,7,13,2,0,32,9500000,"FA"
"283","Wainwright","Adam",2014,"wainwad01",2013,"SLN",19,9,34,34,5,2,0,725,223,79,15,35,219,2,5,6,0,956,0,83,13,2,32,2.94206896551724,1.10068965517241,0.244249726177437,"P",34,34,725,25,36,0,6,32,19500000,"FA"
"284","Wang","Chien-Ming",2012,"wangch01",2011,"WAS",4,3,11,11,0,0,0,187,67,28,8,13,25,0,2,1,0,264,0,35,2,2,3,4.0427807486631,1.29946524064171,0.268,"P",11,11,187,3,6,1,0,31,4000000,"FA"
"285","Webb","Ryan",2016,"webbry01",2015,"CLE",1,0,40,0,0,0,0,152,46,18,4,12,31,2,1,2,0,204,11,21,1,1,10,3.19736842105263,1.22368421052632,0.24468085106383,"P",40,0,152,1,15,0,0,29,1000000,"FA"
"286","Westbrook","Jake",2011,"westbja01",2010,"CLE/SLN",10,11,33,33,1,0,0,608,203,95,20,68,128,4,8,8,0,860,0,99,5,3,22,4.21875,1.39638157894737,0.26025641025641,"P/P",33,33,608,16,47,2,3,33,8000000,"FA"
"287","Wheeler","Dan",2011,"wheelda01",2010,"TBA",2,4,64,0,0,0,3,145,36,18,7,16,46,2,3,1,0,195,13,20,1,3,4,3.35172413793103,1.13793103448276,0.204545454545455,"P",64,0,145,1,8,0,1,33,3000000,"FA"
"288","Wheeler","Dan",2012,"wheelda01",2011,"BOS",2,2,47,0,0,0,0,148,47,24,7,8,39,1,0,0,0,201,22,24,1,1,1,4.37837837837838,1.13513513513514,0.244791666666667,"P",47,0,148,2,1,0,0,34,900000,"FA"
"289","Wilson","Brian",2014,"wilsobr01",2013,"LAN",2,1,18,0,0,0,0,41,8,1,0,4,13,0,0,0,0,49,8,1,0,0,3,0.658536585365854,0.878048780487805,0.177777777777778,"P",18,0,41,1,3,0,1,31,10000000,"FA"
"290","Wolf","Randy",2011,"wolfra02",2010,"MIL",13,12,34,34,1,1,0,647,213,100,29,87,142,6,2,9,0,936,0,107,9,6,19,4.17310664605873,1.46058732612056,0.255395683453237,"P",34,34,647,13,40,0,4,34,9500000,"FA"
"291","Wood","Kerry",2011,"woodke02",2010,"CLE/NYA",3,4,47,0,0,0,8,138,35,16,4,29,49,4,5,3,1,201,19,17,2,0,4,3.1304347826087,1.54347826086957,0.212121212121212,"P/P",47,0,138,3,6,0,0,33,1500000,"FA"
"292","Wood","Kerry",2012,"woodke02",2011,"CHN",3,5,55,0,0,0,1,153,45,19,5,21,57,2,5,5,0,224,7,23,3,3,2,3.35294117647059,1.43137254901961,0.229591836734694,"P",55,0,153,1,6,1,2,34,3000000,"FA"
"293","Wright","Jamey",2011,"wrighja01",2010,"CLE/SEA",1,3,46,0,0,0,0,175,55,27,3,25,28,1,4,3,1,249,17,33,3,3,12,4.16571428571429,1.44,0.25,"P/P",46,0,175,5,16,0,2,36,900000,"FA"
"294","Wright","Jamey",2012,"wrighja01",2011,"SEA",2,3,60,0,0,0,1,205,61,24,6,30,48,3,4,5,0,286,19,26,2,1,10,3.1609756097561,1.44878048780488,0.245967741935484,"P",60,0,205,10,7,1,2,37,900000,"FA"
"295","Wright","Jamey",2014,"wrighja01",2013,"TBA",2,2,66,1,0,0,0,210,61,24,4,23,65,3,5,5,0,288,15,25,3,3,5,3.08571428571429,1.31428571428571,0.237354085603113,"P",66,1,210,8,13,0,2,39,1800000,"FA"
"296","Young","Chris",2011,"youngch03",2010,"SDN",2,0,4,4,0,0,0,60,10,2,1,11,15,0,1,0,0,82,0,2,1,0,0,0.9,1.05,0.140845070422535,"P",4,4,60,2,1,0,0,31,1100000,"FA"
"297","Young","Chris",2015,"youngch03",2014,"SEA",12,9,30,29,0,0,0,495,143,67,26,60,108,3,5,3,1,688,0,70,4,9,6,3.65454545454545,1.26666666666667,0.229903536977492,"P",30,29,495,7,10,1,0,35,675000,"FA"
"298","Young","Chris",2015,"youngch03",2014,"SEA",12,9,30,29,0,0,0,495,143,67,26,60,108,3,5,3,1,688,0,70,4,9,6,3.65454545454545,1.26666666666667,0.229903536977492,"P",30,29,495,7,10,1,0,35,675000,"FA"
"299","Young","Chris",2016,"youngch03",2015,"KCA",11,6,34,18,0,0,0,370,91,42,16,43,83,0,5,0,0,500,3,44,4,2,1,3.06486486486487,1.08648648648649,0.199124726477024,"P",34,18,370,4,10,1,0,36,4250000,"FA"
"300","Ziegler","Brad",2015,"zieglbr01",2014,"ARI",5,3,68,0,0,0,1,201,60,26,5,24,54,6,0,3,0,281,11,29,2,4,9,3.49253731343284,1.38805970149254,0.241935483870968,"P",68,0,201,6,16,2,2,35,5000000,"FA"
"301","Zimmermann","Jordan",2016,"zimmejo02",2015,"WAS",13,10,33,33,0,0,0,605,204,82,24,39,164,3,2,8,1,831,0,89,8,2,15,3.65950413223141,1.25950413223141,0.261203585147247,"P",33,33,605,16,29,2,1,29,18000000,"FA"
